umax_c,velocity
0.856224076,0.483
0.812890495,0.469
0.773712189,0.468
0.749611594,0.462
0.949895845,0.525
1.601680396,1.047
1.465031212,0.84
1.136645772,0.687
1.195650676,0.739
1.632191986,1.031
1.371596888,0.881
1.216664495,0.76
1.085713974,0.628
1.155641314,0.704
1.11824384,0.677
1.085713974,0.667
1.216664495,0.768
1.238509368,0.781
1.572356027,0.943
1.465031212,0.883
1.216664495,0.778
1.216664495,0.764
1.238509368,0.707
1.083339531,0.626
0.996672368,0.597
1.440455729,0.865
1.195650676,0.751
1.516794065,0.893
1.050453498,0.635
0.753410703,0.476
0.740707434,0.463
0.716606839,0.455
0.716606839,0.454
0.716606839,0.451
0.716606839,0.438
0.705090792,0.452
0.716606839,0.46
0.716606839,0.459
0.683245918,0.458
0.683245918,0.445
0.716606839,0.466
0.716606839,0.468
0.716606839,0.48
0.716606839,0.464
0.753410703,0.503
0.753410703,0.511
0.76658886,0.509
0.753410703,0.492
0.728360331,0.483
0.753410703,0.505
0.76658886,0.509
0.76658886,0.511
0.716606839,0.487
0.693930911,0.477
0.716606839,0.471
0.662706988,0.433
0.625190791,0.42
0.616524075,0.417
0.458623628,0.297
0.451025411,0.299
0.451025411,0.296
0.43654131,0.298
0.422888264,0.289
0.416477268,0.287
0.416477268,0.287
0.422888264,0.285
0.43654131,0.297
0.43654131,0.297
0.451025411,0.304
0.451025411,0.303
0.46645929,0.309
0.46645929,0.309
0.429536704,0.296
0.429536704,0.294
0.404130166,0.252
0.404130166,0.243
0.404130166,0.246
0.43654131,0.256
0.43654131,0.255
0.586012485,0.328
0.576514714,0.321
0.560724669,0.33
0.560724669,0.309
0.540304461,0.309
0.540304461,0.309
0.530687967,0.305
0.530687967,0.304
0.530687967,0.303
0.530687967,0.304
0.486642053,0.306
0.512167314,0.326
0.486642053,0.307
0.470852009,0.3
0.478568948,0.3
0.478568948,0.297
0.521308918,0.329
0.530687967,0.321
0.530687967,0.322
0.512167314,0.356
0.494833881,0.342
0.494833881,0.321
0.530687967,0.342
0.521308918,0.334
0.478568948,0.305
0.463372514,0.295
0.463372514,0.294
0.463372514,0.29
0.478568948,0.3
0.486642053,0.312
0.486642053,0.314
0.478568948,0.309
0.530687967,0.338
0.503381875,0.345
